<application>
  <component name="Trusted.Paths">
    <option name="TRUSTED_PROJECT_PATHS">
      <map>
        <entry key="C:\Users\User\AndroidStudioProjects\Fyscalculator" value="true" />
        <entry key="C:\Users\User\AndroidStudioProjects\MyApplication" value="true" />
        <entry key="C:\Users\User\AndroidStudioProjects\MyApplication3" value="true" />
        <entry key="C:\Users\User\AndroidStudioProjects\MyApplication4" value="true" />
        <entry key="C:\Users\User\AndroidStudioProjects\MyApplication5" value="true" />
        <entry key="C:\Users\User\AndroidStudioProjects\MyApplication6" value="true" />
        <entry key="C:\Users\User\AndroidStudioProjects\MyApplication7" value="true" />
        <entry key="C:\Users\User\AndroidStudioProjects\MyApplication8" value="true" />
        <entry key="C:\Users\User\AndroidStudioProjects\Spaace" value="true" />
        <entry key="C:\Users\User\AndroidStudioProjects\Space" value="true" />
        <entry key="C:\Users\User\AndroidStudioProjects\SpaceAvoider" value="true" />
        <entry key="C:\Users\User\AndroidStudioProjects\Victorina" value="true" />
        <entry key="C:\Users\User\AndroidStudioProjects\calculator2" value="true" />
        <entry key="C:\Users\User\AndroidStudioProjects\calculator3" value="true" />
        <entry key="C:\Users\User\AndroidStudioProjects\fysyccalculaor" value="true" />
        <entry key="C:\Users\User\Desktop" value="true" />
      </map>
    </option>
  </component>
</application>