<application>
  <component name="DimensionService">
    <location key="WELCOME_SCREEN.0.0.1920.1080@120dpi" x="960" y="375" />
  </component>
  <component name="WindowManager">
    <frame x="-10" y="-10" width="1933" height="1043" extendedState="6" />
  </component>
  <component name="WindowStateApplicationService">
    <state x="549" y="162" key="FileChooserDialogImpl" timestamp="1748438479658">
      <screen x="0" y="0" width="1536" height="824" />
    </state>
    <state x="549" y="162" key="FileChooserDialogImpl/0.0.1536.824" timestamp="1748438479658" />
    <state width="553" height="111" key="ShowUsagesActions.dimensionServiceKey" timestamp="1748263959545">
      <screen x="0" y="0" width="1536" height="824" />
    </state>
    <state width="553" height="111" key="ShowUsagesActions.dimensionServiceKey/0.0.1536.824" timestamp="1748263959545" />
    <state x="768" y="415" width="1550" height="838" key="WELCOME_SCREEN" timestamp="1748605689608">
      <screen x="0" y="0" width="1536" height="824" />
    </state>
    <state x="768" y="415" width="1550" height="838" key="WELCOME_SCREEN/0.0.1536.824" timestamp="1748605689608" />
  </component>
</application>